{
    "input_path": "./foto.jpg",
    "page_index": null,
    "model_settings": {
        "use_doc_preprocessor": false,
        "use_textline_orientation": false
    },
    "dt_polys": [
        [
            [
                3065,
                425
            ],
            [
                3123,
                425
            ],
            [
                3123,
                557
            ],
            [
                3065,
                557
            ]
        ],
        [
            [
                2130,
                1551
            ],
            [
                2531,
                1490
            ],
            [
                2553,
                1637
            ],
            [
                2152,
                1698
            ]
        ]
    ],
    "text_det_params": {
        "limit_side_len": 64,
        "limit_type": "min",
        "thresh": 0.3,
        "max_side_limit": 4000,
        "box_thresh": 0.6,
        "unclip_ratio": 1.5
    },
    "text_type": "general",
    "textline_orientation_angles": [
        -1,
        -1
    ],
    "text_rec_score_thresh": 0.0,
    "return_word_box": false,
    "rec_texts": [
        "00a",
        "OU0·14G"
    ],
    "rec_scores": [
        0.3829135000705719,
        0.7179937362670898
    ],
    "rec_polys": [
        [
            [
                3065,
                425
            ],
            [
                3123,
                425
            ],
            [
                3123,
                557
            ],
            [
                3065,
                557
            ]
        ],
        [
            [
                2130,
                1551
            ],
            [
                2531,
                1490
            ],
            [
                2553,
                1637
            ],
            [
                2152,
                1698
            ]
        ]
    ],
    "rec_boxes": [
        [
            3065,
            425,
            3123,
            557
        ],
        [
            2130,
            1490,
            2553,
            1698
        ]
    ]
}