{
    "input_path": "./foto.jpg",
    "page_index": null,
    "model_settings": {
        "use_doc_preprocessor": false,
        "use_textline_orientation": false
    },
    "dt_polys": [
        [
            [
                1382,
                837
            ],
            [
                2062,
                977
            ],
            [
                1861,
                1936
            ],
            [
                1181,
                1796
            ]
        ],
        [
            [
                2722,
                1048
            ],
            [
                3301,
                1129
            ],
            [
                3246,
                1509
            ],
            [
                2668,
                1428
            ]
        ],
        [
            [
                2147,
                1561
            ],
            [
                2523,
                1508
            ],
            [
                2539,
                1621
            ],
            [
                2163,
                1673
            ]
        ],
        [
            [
                2282,
                1661
            ],
            [
                2380,
                1645
            ],
            [
                2384,
                1667
            ],
            [
                2286,
                1683
            ]
        ],
        [
            [
                3775,
                1893
            ],
            [
                3810,
                1893
            ],
            [
                3810,
                1922
            ],
            [
                3775,
                1922
            ]
        ]
    ],
    "text_det_params": {
        "limit_side_len": 64,
        "limit_type": "min",
        "thresh": 0.3,
        "max_side_limit": 4000,
        "box_thresh": 0.6,
        "unclip_ratio": 1.5
    },
    "text_type": "general",
    "textline_orientation_angles": [
        -1,
        -1,
        -1,
        -1,
        -1
    ],
    "text_rec_score_thresh": 0.0,
    "return_word_box": false,
    "rec_texts": [
        "日",
        "二",
        "QU0·14G",
        "",
        "1"
    ],
    "rec_scores": [
        0.06035448983311653,
        0.06973572075366974,
        0.906690776348114,
        0.0,
        0.08353149145841599
    ],
    "rec_polys": [
        [
            [
                1382,
                837
            ],
            [
                2062,
                977
            ],
            [
                1861,
                1936
            ],
            [
                1181,
                1796
            ]
        ],
        [
            [
                2722,
                1048
            ],
            [
                3301,
                1129
            ],
            [
                3246,
                1509
            ],
            [
                2668,
                1428
            ]
        ],
        [
            [
                2147,
                1561
            ],
            [
                2523,
                1508
            ],
            [
                2539,
                1621
            ],
            [
                2163,
                1673
            ]
        ],
        [
            [
                2282,
                1661
            ],
            [
                2380,
                1645
            ],
            [
                2384,
                1667
            ],
            [
                2286,
                1683
            ]
        ],
        [
            [
                3775,
                1893
            ],
            [
                3810,
                1893
            ],
            [
                3810,
                1922
            ],
            [
                3775,
                1922
            ]
        ]
    ],
    "rec_boxes": [
        [
            1181,
            837,
            2062,
            1936
        ],
        [
            2668,
            1048,
            3301,
            1509
        ],
        [
            2147,
            1508,
            2539,
            1673
        ],
        [
            2282,
            1645,
            2384,
            1683
        ],
        [
            3775,
            1893,
            3810,
            1922
        ]
    ]
}